{"cameraMode":{"drawMode":0,"name":"Shaded","section":"Shading Mode"},"sceneLighting":false,"audioPlay":false,"sceneViewState":{"showFog":true,"showMaterialUpdate":false,"showSkybox":false,"showFlares":true,"showImageEffects":true,"showParticleSystems":true},"in2DMode":false,"pivot":{"x":-0.9316080808639526,"y":-3.41276478767395,"z":-12.922407150268555},"rotation":{"x":-0.05170220136642456,"y":0.9448474645614624,"z":-0.26639324426651,"w":-0.1833784282207489},"size":4.881281852722168,"orthographic":false}