{"cameraMode":{"drawMode":0,"name":"Shaded","section":"Shading Mode"},"sceneLighting":false,"audioPlay":false,"sceneViewState":{"showFog":true,"showMaterialUpdate":false,"showSkybox":false,"showFlares":true,"showImageEffects":true,"showParticleSystems":true},"in2DMode":false,"pivot":{"x":-0.723514199256897,"y":0.5326681137084961,"z":5.10699987411499},"rotation":{"x":-0.3006431460380554,"y":0.6502695679664612,"z":-0.3137436509132385,"w":-0.6231959462165833},"size":0.6013603806495667,"orthographic":false}