{"cameraMode":{"drawMode":0,"name":"Shaded","section":"Shading Mode"},"sceneLighting":false,"audioPlay":false,"sceneViewState":{"showFog":true,"showMaterialUpdate":false,"showSkybox":false,"showFlares":true,"showImageEffects":true,"showParticleSystems":true},"in2DMode":false,"pivot":{"x":0.0,"y":0.10771629214286804,"z":0.02422367036342621},"rotation":{"x":-0.052780408412218097,"y":0.9438926577568054,"z":-0.26765310764312746,"w":-0.18613319098949433},"size":0.32834625244140627,"orthographic":false}