{"cameraMode":{"drawMode":0,"name":"Shaded","section":"Shading Mode"},"sceneLighting":true,"audioPlay":false,"sceneViewState":{"showFog":true,"showMaterialUpdate":false,"showSkybox":true,"showFlares":true,"showImageEffects":true,"showParticleSystems":true},"in2DMode":false,"pivot":{"x":2.4236361980438234,"y":22.665742874145509,"z":-28.605751037597658},"rotation":{"x":0.2775702476501465,"y":-0.10517760366201401,"z":0.03061230294406414,"w":0.9544588923454285},"size":15.215085983276368,"orthographic":false}