{"cameraMode":{"drawMode":0,"name":"Shaded","section":"Shading Mode"},"sceneLighting":false,"audioPlay":false,"sceneViewState":{"showFog":true,"showMaterialUpdate":false,"showSkybox":false,"showFlares":true,"showImageEffects":true,"showParticleSystems":true},"in2DMode":false,"pivot":{"x":-0.20455420017242433,"y":0.28634557127952578,"z":0.3441894054412842},"rotation":{"x":0.01094984170049429,"y":0.9503746032714844,"z":-0.30916550755500796,"w":0.033625829964876178},"size":2.3882110118865969,"orthographic":false}