{"cameraMode":{"drawMode":0,"name":"Shaded","section":"Shading Mode"},"sceneLighting":false,"audioPlay":false,"sceneViewState":{"showFog":true,"showMaterialUpdate":false,"showSkybox":false,"showFlares":true,"showImageEffects":true,"showParticleSystems":true},"in2DMode":false,"pivot":{"x":-0.5537790060043335,"y":0.08386484533548355,"z":0.2686229646205902},"rotation":{"x":0.13062530755996705,"y":-0.7255811095237732,"z":0.14353767037391663,"w":0.6602499485015869},"size":1.0035101175308228,"orthographic":false}