{"cameraMode":{"drawMode":0,"name":"Shaded","section":"Shading Mode"},"sceneLighting":false,"audioPlay":false,"sceneViewState":{"showFog":true,"showMaterialUpdate":false,"showSkybox":false,"showFlares":true,"showImageEffects":true,"showParticleSystems":true},"in2DMode":false,"pivot":{"x":0.9775407314300537,"y":0.921139121055603,"z":-5.043653964996338},"rotation":{"x":-0.0986311212182045,"y":-0.89429771900177,"z":0.24347373843193055,"w":-0.36227720975875857},"size":1.6829298734664918,"orthographic":false}