{"cameraMode":{"drawMode":0,"name":"Shaded","section":"Shading Mode"},"sceneLighting":false,"audioPlay":false,"sceneViewState":{"showFog":true,"showMaterialUpdate":false,"showSkybox":false,"showFlares":true,"showImageEffects":true,"showParticleSystems":true},"in2DMode":false,"pivot":{"x":-0.003477811813354492,"y":0.7646989822387695,"z":-0.009696662425994873},"rotation":{"x":-0.2612333297729492,"y":-0.24232853949069978,"z":0.06793280690908432,"w":-0.9318984746932983},"size":1.417374610900879,"orthographic":false}