{"cameraMode":{"drawMode":0,"name":"Shaded","section":"Shading Mode"},"sceneLighting":false,"audioPlay":false,"sceneViewState":{"showFog":true,"showMaterialUpdate":false,"showSkybox":false,"showFlares":true,"showImageEffects":true,"showParticleSystems":true},"in2DMode":false,"pivot":{"x":-0.12466287612915039,"y":1.0666167736053467,"z":0.6329420208930969},"rotation":{"x":0.1685572862625122,"y":-0.7647156119346619,"z":0.22180500626564027,"w":0.5810867547988892},"size":2.1037254333496095,"orthographic":false}