{"cameraMode":{"drawMode":0,"name":"Shaded","section":"Shading Mode"},"sceneLighting":false,"audioPlay":false,"sceneViewState":{"showFog":true,"showMaterialUpdate":false,"showSkybox":false,"showFlares":true,"showImageEffects":true,"showParticleSystems":true},"in2DMode":false,"pivot":{"x":-1.0969222784042359,"y":0.4667696952819824,"z":0.9430214166641235},"rotation":{"x":0.13517683744430543,"y":-0.8527382612228394,"z":0.4257018268108368,"w":0.2708573341369629},"size":1.417374610900879,"orthographic":false}