{"cameraMode":{"drawMode":0,"name":"Shaded","section":"Shading Mode"},"sceneLighting":false,"audioPlay":false,"sceneViewState":{"showFog":true,"showMaterialUpdate":false,"showSkybox":false,"showFlares":true,"showImageEffects":true,"showParticleSystems":true},"in2DMode":false,"pivot":{"x":23.214534759521486,"y":1.0715811252593995,"z":3.1591858863830568},"rotation":{"x":0.05971582978963852,"y":0.936531662940979,"z":-0.19698017835617066,"w":0.28386226296424868},"size":3.9027717113494875,"orthographic":false}