{"cameraMode":{"drawMode":0,"name":"Shaded","section":"Shading Mode"},"sceneLighting":false,"audioPlay":false,"sceneViewState":{"showFog":true,"showMaterialUpdate":false,"showSkybox":false,"showFlares":true,"showImageEffects":true,"showParticleSystems":true},"in2DMode":false,"pivot":{"x":-5.795464515686035,"y":1.3266279697418213,"z":5.499186038970947},"rotation":{"x":0.05971582978963852,"y":0.936531662940979,"z":-0.19698017835617066,"w":0.28386226296424868},"size":3.77290678024292,"orthographic":false}