{"cameraMode":{"drawMode":0,"name":"Shaded","section":"Shading Mode"},"sceneLighting":false,"audioPlay":false,"sceneViewState":{"showFog":true,"showMaterialUpdate":false,"showSkybox":false,"showFlares":true,"showImageEffects":true,"showParticleSystems":true},"in2DMode":false,"pivot":{"x":8.399998664855957,"y":0.21579623222351075,"z":2.5},"rotation":{"x":-0.2612333297729492,"y":-0.24232853949069978,"z":0.06793280690908432,"w":-0.9318984746932983},"size":0.36743199825286868,"orthographic":false}