{"cameraMode":{"drawMode":0,"name":"Shaded","section":"Shading Mode"},"sceneLighting":false,"audioPlay":false,"sceneViewState":{"showFog":true,"showMaterialUpdate":false,"showSkybox":false,"showFlares":true,"showImageEffects":true,"showParticleSystems":true},"in2DMode":false,"pivot":{"x":-0.00023209303617477417,"y":0.007957353256642819,"z":0.00011955946683883667},"rotation":{"x":-0.2612333297729492,"y":-0.24232853949069978,"z":0.06793280690908432,"w":-0.9318984746932983},"size":2.2384860515594484,"orthographic":false}