{"cameraMode":{"drawMode":0,"name":"Shaded","section":"Shading Mode"},"sceneLighting":false,"audioPlay":false,"sceneViewState":{"showFog":true,"showMaterialUpdate":false,"showSkybox":false,"showFlares":true,"showImageEffects":true,"showParticleSystems":true},"in2DMode":false,"pivot":{"x":-1.94989013671875,"y":-0.5188708305358887,"z":0.47630831599235537},"rotation":{"x":-0.3167837858200073,"y":0.4440982937812805,"z":-0.17150892317295075,"w":-0.8203907012939453},"size":1.900612473487854,"orthographic":false}