{"cameraMode":{"drawMode":0,"name":"Shaded","section":"Shading Mode"},"sceneLighting":false,"audioPlay":false,"sceneViewState":{"showFog":true,"showMaterialUpdate":false,"showSkybox":false,"showFlares":true,"showImageEffects":true,"showParticleSystems":true},"in2DMode":false,"pivot":{"x":-3.1334779262542726,"y":0.7646989822387695,"z":-5.28969669342041},"rotation":{"x":-0.0986311212182045,"y":-0.89429771900177,"z":0.24347373843193055,"w":-0.36227720975875857},"size":1.4173747301101685,"orthographic":false}