{"cameraMode":{"drawMode":0,"name":"Shaded","section":"Shading Mode"},"sceneLighting":false,"audioPlay":false,"sceneViewState":{"showFog":true,"showMaterialUpdate":false,"showSkybox":false,"showFlares":true,"showImageEffects":true,"showParticleSystems":true},"in2DMode":false,"pivot":{"x":-0.002459287643432617,"y":0.921139121055603,"z":-0.003654003143310547},"rotation":{"x":0.3632933795452118,"y":-0.2220102846622467,"z":0.08961188793182373,"w":0.9003995060920715},"size":2.8154661655426027,"orthographic":false}