{"cameraMode":{"drawMode":0,"name":"Shaded","section":"Shading Mode"},"sceneLighting":true,"audioPlay":false,"sceneViewState":{"showFog":true,"showMaterialUpdate":false,"showSkybox":false,"showFlares":true,"showImageEffects":true,"showParticleSystems":true},"in2DMode":false,"pivot":{"x":0.24694707989692689,"y":1.090491771697998,"z":-0.6138684153556824},"rotation":{"x":-0.24618543684482575,"y":0.09689758718013764,"z":-0.02473660558462143,"w":-0.9640874266624451},"size":0.9597101807594299,"orthographic":false}