{"cameraMode":{"drawMode":0,"name":"Shaded","section":"Shading Mode"},"sceneLighting":false,"audioPlay":false,"sceneViewState":{"showFog":true,"showMaterialUpdate":false,"showSkybox":false,"showFlares":true,"showImageEffects":true,"showParticleSystems":true},"in2DMode":false,"pivot":{"x":-0.9498255848884583,"y":0.13195323944091798,"z":-0.1366249918937683},"rotation":{"x":-0.1545671820640564,"y":0.7959557771682739,"z":-0.22829163074493409,"w":-0.538955807685852},"size":1.3937466144561768,"orthographic":false}