{"cameraMode":{"drawMode":0,"name":"Shaded","section":"Shading Mode"},"sceneLighting":false,"audioPlay":false,"sceneViewState":{"showFog":true,"showMaterialUpdate":false,"showSkybox":false,"showFlares":true,"showImageEffects":true,"showParticleSystems":true},"in2DMode":false,"pivot":{"x":10.08746337890625,"y":0.8679898977279663,"z":-0.24831673502922059},"rotation":{"x":-0.18204356729984284,"y":0.050710052251815799,"z":-0.009399139322340489,"w":-0.9819449186325073},"size":1.5020033121109009,"orthographic":false}