{"cameraMode":{"drawMode":0,"name":"Shaded","section":"Shading Mode"},"sceneLighting":true,"audioPlay":false,"sceneViewState":{"showFog":true,"showMaterialUpdate":false,"showSkybox":true,"showFlares":true,"showImageEffects":true,"showParticleSystems":true},"in2DMode":false,"pivot":{"x":4.073131561279297,"y":-1.705331802368164,"z":2.016427993774414},"rotation":{"x":-0.04698555916547775,"y":-0.9369792938232422,"z":0.3172883987426758,"w":-0.13869547843933106},"size":14.608353614807129,"orthographic":false}