{"cameraMode":{"drawMode":0,"name":"Shaded","section":"Shading Mode"},"sceneLighting":false,"audioPlay":false,"sceneViewState":{"showFog":true,"showMaterialUpdate":false,"showSkybox":false,"showFlares":true,"showImageEffects":true,"showParticleSystems":true},"in2DMode":false,"pivot":{"x":-0.7582603096961975,"y":-0.20170265436172486,"z":0.24309103190898896},"rotation":{"x":0.20957450568675996,"y":-0.37860196828842165,"z":0.08852781355381012,"w":0.8972298502922058},"size":1.2297559976577759,"orthographic":false}