{"cameraMode":{"drawMode":0,"name":"Shaded","section":"Shading Mode"},"sceneLighting":false,"audioPlay":false,"sceneViewState":{"showFog":true,"showMaterialUpdate":false,"showSkybox":false,"showFlares":true,"showImageEffects":true,"showParticleSystems":true},"in2DMode":false,"pivot":{"x":-0.003477811813354492,"y":0.7646989822387695,"z":-0.009696662425994873},"rotation":{"x":0.3632933795452118,"y":-0.2220102846622467,"z":0.08961188793182373,"w":0.9003995060920715},"size":1.417374610900879,"orthographic":false}