{"cameraMode":{"drawMode":0,"name":"Shaded","section":"Shading Mode"},"sceneLighting":false,"audioPlay":false,"sceneViewState":{"showFog":true,"showMaterialUpdate":false,"showSkybox":false,"showFlares":true,"showImageEffects":true,"showParticleSystems":true},"in2DMode":false,"pivot":{"x":0.819023072719574,"y":0.5143358111381531,"z":1.6193649768829346},"rotation":{"x":-0.08100231736898422,"y":-0.2724076807498932,"z":0.023021480068564416,"w":-0.9584921002388},"size":1.4630175828933716,"orthographic":false}