{"cameraMode":{"drawMode":0,"name":"Shaded","section":"Shading Mode"},"sceneLighting":false,"audioPlay":false,"sceneViewState":{"showFog":true,"showMaterialUpdate":false,"showSkybox":false,"showFlares":true,"showImageEffects":true,"showParticleSystems":true},"in2DMode":false,"pivot":{"x":2.4597954750061037,"y":0.6304756999015808,"z":4.929049015045166},"rotation":{"x":-0.052780408412218097,"y":0.9438926577568054,"z":-0.26765310764312746,"w":-0.18613319098949433},"size":1.1106523275375367,"orthographic":false}