{"cameraMode":{"drawMode":0,"name":"Shaded","section":"Shading Mode"},"sceneLighting":false,"audioPlay":false,"sceneViewState":{"showFog":true,"showMaterialUpdate":false,"showSkybox":false,"showFlares":true,"showImageEffects":true,"showParticleSystems":true},"in2DMode":false,"pivot":{"x":-0.5669952034950256,"y":0.5445685386657715,"z":-0.4643610715866089},"rotation":{"x":0.12819220125675202,"y":-0.871364176273346,"z":0.32007309794425967,"w":0.34909433126449587},"size":1.417374610900879,"orthographic":false}