{"cameraMode":{"drawMode":0,"name":"Shaded","section":"Shading Mode"},"sceneLighting":false,"audioPlay":false,"sceneViewState":{"showFog":true,"showMaterialUpdate":false,"showSkybox":false,"showFlares":true,"showImageEffects":true,"showParticleSystems":true},"in2DMode":false,"pivot":{"x":0.8226239681243897,"y":0.5436933636665344,"z":1.1865298748016358},"rotation":{"x":0.1916297972202301,"y":0.7773144841194153,"z":-0.28153520822525027,"w":0.5289934277534485},"size":1.299038052558899,"orthographic":false}