{"cameraMode":{"drawMode":0,"name":"Shaded","section":"Shading Mode"},"sceneLighting":true,"audioPlay":false,"sceneViewState":{"showFog":true,"showMaterialUpdate":false,"showSkybox":true,"showFlares":true,"showImageEffects":true,"showParticleSystems":true},"in2DMode":false,"pivot":{"x":-6.2480669021606449,"y":9.05689811706543,"z":-22.319915771484376},"rotation":{"x":0.23038284480571748,"y":-0.6139965057373047,"z":0.19382907450199128,"w":0.7297362685203552},"size":9.226716995239258,"orthographic":false}