{"cameraMode":{"drawMode":0,"name":"Shaded","section":"Shading Mode"},"sceneLighting":false,"audioPlay":false,"sceneViewState":{"showFog":true,"showMaterialUpdate":false,"showSkybox":false,"showFlares":true,"showImageEffects":true,"showParticleSystems":true},"in2DMode":false,"pivot":{"x":-0.21109050512313844,"y":0.5924815535545349,"z":-0.25363993644714358},"rotation":{"x":0.05971582978963852,"y":0.936531662940979,"z":-0.19698017835617066,"w":0.28386226296424868},"size":1.5413744449615479,"orthographic":false}