{"cameraMode":{"drawMode":0,"name":"Shaded","section":"Shading Mode"},"sceneLighting":false,"audioPlay":false,"sceneViewState":{"showFog":true,"showMaterialUpdate":false,"showSkybox":false,"showFlares":true,"showImageEffects":true,"showParticleSystems":true},"in2DMode":false,"pivot":{"x":-0.0359807014465332,"y":0.7666679620742798,"z":0.12573426961898805},"rotation":{"x":-0.2612333297729492,"y":-0.24232853949069978,"z":0.06793280690908432,"w":-0.9318984746932983},"size":2.1347875595092775,"orthographic":false}