{"cameraMode":{"drawMode":0,"name":"Shaded","section":"Shading Mode"},"sceneLighting":false,"audioPlay":false,"sceneViewState":{"showFog":true,"showMaterialUpdate":false,"showSkybox":false,"showFlares":true,"showImageEffects":true,"showParticleSystems":true},"in2DMode":false,"pivot":{"x":0.2181646078824997,"y":1.086035132408142,"z":3.1013076305389406},"rotation":{"x":0.003018273739144206,"y":0.9888830780982971,"z":-0.14744426310062409,"w":0.02014477550983429},"size":1.7210334539413453,"orthographic":false}