{"cameraMode":{"drawMode":0,"name":"Shaded","section":"Shading Mode"},"sceneLighting":false,"audioPlay":false,"sceneViewState":{"showFog":true,"showMaterialUpdate":false,"showSkybox":false,"showFlares":true,"showImageEffects":true,"showParticleSystems":true},"in2DMode":false,"pivot":{"x":-12.779999732971192,"y":0.0,"z":1.3299999237060547},"rotation":{"x":0.21182268857955934,"y":-0.14886382222175599,"z":0.0326688177883625,"w":0.9653671383857727},"size":2.1794495582580568,"orthographic":false}